{
    "hideMemberFields": [
        "TypeMeta"
    ],
    "hideTypePatterns": [
        "ParseError$",
        "List$",
        "Spec$",
        "Status$",
        "MatchExpression",
        "NodeSelector",
        "LegacyBgpAdvertisement",
        "v1beta1.*BGPPeer",
        "v1beta1.AddressPool"
    ],
    "externalPackages": [
        {
            "typeMatchPrefix": "^k8s\\.io/apimachinery/pkg/apis/meta/v1\\.Duration$",
            "docsURLTemplate": "https://pkg.go.dev/k8s.io/apimachinery/pkg/apis/meta/v1#Duration"
        },
        {
            "typeMatchPrefix": "^k8s\\.io/(api|apimachinery/pkg/apis)/",
            "docsURLTemplate": "https://v1-18.docs.kubernetes.io/docs/reference/generated/kubernetes-api/v1.18/#{{lower .TypeIdentifier}}-{{arrIndex .PackageSegments -1}}-{{arrIndex .PackageSegments -2}}"
        },
        {
            "typeMatchPrefix": "^github\\.com/knative/pkg/apis/duck/",
            "docsURLTemplate": "https://pkg.go.dev/github.com/knative/pkg/apis/duck/{{arrIndex .PackageSegments -1}}#{{.TypeIdentifier}}"
        }
    ],
    "typeDisplayNamePrefixOverrides": {
        "k8s.io/api/": "Kubernetes ",
        "k8s.io/apimachinery/pkg/apis/": "Kubernetes "
    },
    "markdownDisabled": false,
    "gitCommitDisabled": true
}
